ID	Xcoord	ycoord	V1
1	100000	100000	13.57557
2	659822	228797	13.844373
3	669629	219261	13.996934
4	456200	237438	14.060876
5	680666	220679	14.095317
6	680040	141356	13.975704
